window,kind,head,best_scheduler,predicted_scheduler,prediction_correct,confidence,selector_seek,oracle_seek,seek_FCFS,seek_SCAN,seek_C-SCAN,seek_SSTF
1,sequential,199,SCAN,SCAN,True,1.0,192,192,608,192,397,192
2,sequential,41,SSTF,SSTF,True,0.9063545150501672,347,347,491,357,394,347
3,sequential,177,SCAN,SCAN,True,0.548,221,221,549,221,395,371
4,sequential,80,SSTF,SSTF,True,0.9063545150501672,307,307,421,317,394,307
5,sequential,16,SSTF,SSTF,True,0.5625,213,213,497,380,396,213
6,sequential,8,SSTF,SSTF,True,0.9063545150501672,202,202,425,388,396,202
7,random,104,SSTF,SCAN,False,0.548,292,286,3497,292,388,286
8,random,53,SSTF,SSTF,True,0.9063545150501672,251,251,4564,345,389,251
9,random,58,SSTF,SSTF,True,0.875,257,257,3780,340,397,257
10,random,76,SSTF,SSTF,True,0.9063545150501672,274,274,3800,322,395,274
11,random,0,SCAN,SSTF,False,0.5625,199,199,4998,199,199,199
12,random,146,SCAN,SCAN,True,1.0,249,249,4164,249,395,339
13,bursty,23,SSTF,SSTF,True,0.9063545150501672,165,165,3720,364,395,165
14,bursty,133,SSTF,SSTF,True,0.9177215189873418,133,133,1882,209,397,133
15,bursty,17,SCAN,SCAN,True,0.5421686746987951,132,132,2471,132,132,132
16,bursty,77,SSTF,SSTF,True,0.9063545150501672,180,180,3104,303,370,180
17,bursty,4,SCAN,SSTF,False,0.9063545150501672,178,178,3608,178,178,178
18,bursty,141,SSTF,SSTF,True,1.0,70,70,1015,186,376,70
